english,spanish
abacus,ábaco
abandon,abandonar
abandoned,abandonado
abandonment,abandono
abbreviate,abreviar
abbreviation,abreviación
abdicate,abdicar
abdication,abdicación
abdomen,abdomen
abdominal,abdominal
aberration,aberración
ability,habilidad
abnegation,abnegación
abnormal,abnormal
abolish,abolir
abolishment,abolición
abolition,abolición
abolitionism,abolicionismo
abolitionist,abolicionista
abomasum,abomaso
abominable,abominable
abound,abundar
abrasion,abrasión
abrupt,abrupto
abscess,absceso
abscissa,abscisa
absence,ausencia
absent,ausente
absolute,absoluto
absolutely,absolutamente
absorb,absorber
abstain,abstenerse
abstract,abstracto
abstraction,abstracción
absurd,absurdo
abundance,abundancia
abundant,abundante
abundantly,abundantemente
abuse,abusar
abysmal,abismal
abyss,abismo
academic,académico
academy,academia
accelerate,acelerar
acceleration,aceleración
accent,acento
accentuate,acentuar
accept,aceptar
acceptance,aceptación
access,acceso
accessory,accesorio
accident,accidente
accidental,accidental
accommodate,acomodar
accompanied,acompanado
accompany,acompañar
accompany,acompañar
accord,acuerdo
accumulate,acumular
accumulation,acumulación
accumulator,acumulador
accusation,acusación
accuse,acusar
accustom,acostumbrar
accustomed,acostumbrado
acid,ácido
acquire,adquirir
acquisition,adquisición
acre,acre
acrobatic,acrobático
act,actuar
action,acción
activate,activar
activation,activación
active,activo
activities,actividades
activity,actividad
actor,actor
actress,actriz
actuary,actuario
adapt,adaptar
addition,adición
additional,adicional
additive,aditivo
adequate,adecuado
adhere,adherir
adherent,adherente
adhesion,adhesión
adhesive,adhesivo
adjacency,adyacencia
adjacent,adyacente
adjust,ajustar
adjustable,ajustable
administrate,administrar
administration,administración
administrative,administrativo
administrator,administrador
admirable,admirable
admiral,almirante
admiration,admiración
admire,admirar
admire,admirar
admired,admirado
admission,admisión
admit,admitir
admit,admitir
adolescence,adolescencia
adopt,adoptar
adoption,adopción
adorable,adorable
adore,adorar
adornment,adorno
adult,adulto
advance,avance
advanced,avanzado
advantage,ventaja
adventure,aventura
adversity,adversidad
advice,aviso
advocate,abogado
aerial,aéreo
aerodynamic,aerodinámico
aesthetic,estético
affect,afecto
affected,afectado
affinity,afinidad
affirm,afirmar
affirmation,afirmación
African,africano
agency,agencia
agent,agente
aggregate,agregar
agile,ágil
agitated,agitado
agony,agonía
agrarian,agrario
agreeable,agradable
agriculture,agricultura
air,aire
airplane,aeroplano
alarm,alarma
alcohol,alcohol
alcoholic,alcohólico
alcove,alcoba
algebraic,algebraico
algebraic,algebraica
algebra,álgebra
algorithm,algoritmo
allergic,alérgico
alliance,alianza
allusion,alusión
almanac,almanaque
alter,alterar
alteration,alteración
alternative,alternativa
aluminum,aluminio
alumnus,alumno
ambassador,embajador
ambient,ambiente
ambiguous,ambiguo
ambit,ámbito
ambition,ambición
ambitious,ambicioso
ambulance,ambulancia
ambulant,ambulante
amiable,amable
amorous,amoroso
amphibian,anfibio
ample,amplio
amplitude,amplitud
anaconda,anaconda
analogy,analogía
analyse,analizar
analysis,análisis
analyze,analizar
anatomy,anatomía
ancient,anciano
anecdote,anécdota
angle,ángulo
anguish,angustia
animal,animal
animated,animado
animation,animación
announce,anunciar
announcement,anuncio
annual,anual
anonymous,anónimo
antecedent,antecedente
anticipate,anticipar
antioxidant,antioxidante
antipathy,antipatía
antique,antiguo
antiquity,antiguedad
anxiety,ansiedad
anxious,ansioso
apart,aparte
aperture,apertura
apparatus,aparato
apparent,aparente
apparition,aparición
appear,aparecer
appear,aparecer
appearance,apariencia
appetite,apetito
applaud,aplaudir
applause,aplauso
application,aplicación
applied,aplicado
apply,aplicar
appreciable,apreciable
appreciate,apreciar
appreciation,apreciación
appropriate,apropiado
approve,aprobar
approximate,aproximado
approximation,aproximación
aptitude,aptitud
Arabic,árabe
arbitrary,arbitrario
arc,arco
arch,arco
archaeological,arqueológico
archaeology,arqueología
archaic,arcaico
archetype,arquetipo
architect,arquitecto
architecture,arquitectura
archive,archivo
ardent,ardiente
area,área
argument,argumento
arid,árido
aristocracy,aristocracia
aristocratic,aristocrático
arithmetic,aritmético
arm,arma
arrest,arrestar
arrive,arribar
arrogance,arrogancia
arrogant,arrogante
arsenic,arsénico
art,arte
article,artículo
artillery,artillería
artist,artista
artistic,artístico
ascend,ascender
ascendancy,ascendencia
ascendant,ascendente
ascending,ascendente
aspect,aspecto
aspirant,aspirante
aspirate,aspirar
aspiration,aspiración
aspirin,aspirina
assailant,asaltante
assassin,asesino
assassination,asesinato
assault,asalto
assemble,ensamblar
assembly,asimilar
assiduous,asiduo
assign,asignar
assimilate,asimilar
assistance,asistencia
assistant,asistente
associate,asociar
association,asociación
associative,asociativa
assume,asumir
asterisk,asterisco
asteroid,asteroide
asthenosphere,astenosfera
asthma,asma
astigmatism,astigmatismo
astringent,astringente
astrometry,astrometría
astronomer,astrónomo
astronomical,astronómico
astronomy,astronomía
astrophysics,astrofísica
asymmetrical,asimétrico
asymmetry,asimetría
asymptote,asíntota
atavistic,atávico
atherosclerosis,arteriosclerosis
athlete,atleta
athletic,atlético
atmosphere,atmósfera
atmospheric,atmosférico
atom,átomo
atomic,atómico
atrium,atrio
atrocity,atrocidad
attack,atacar
attention,atención
attentive,atento
attentively,atentamente
attenuate,atenuar
attitude,actitud
attract,atraer
attraction,atracción
attractive,atractivo
attribute,atribuir
atypical,atípico
audacious,audaz
audacity,audacia
audible,audible
audience,audiencia
audition,audición
auditorium,auditorio
auditory,auditivo
augment,aumentar
augmentation,aumento
August,agosto
austere,austero
austerity,austeridad
authentic,auténtico
author,autor
authoritarian,autoritario
authority,autoridad
authorization,autorización
authorize,autorizar
autograph,autógrafo
automate,automatizar
automatic,automático
automation,autómata
automobile,automóvil
autonomous,autónomo
autonomy,autonomía
auxiliary,auxiliar
avarice,avaricia
avenue,avenida
avid,ávido
axiom,axioma
azure,azur
baby,bebé
balance,balance
balanced,balanceado
balcony,balcón
banana,banana
band,banda
bandit,bandito
banjo,banjo
bank,banco
banker,banquero
banner,bandera
banquet,banquete
bar,bar
barbarian,bárbaro
barbaric,bárbaro
barbarity,barbaridad
barber,barbero
bark,barca
barometer,barómetro
barometric,barométrico
baroque,barroco
barrel,barril
barricade,barricada
barrier,barrera
barycenter,baricentro
base,base
baseball,béisbol
basic,básico
basis,base
basketball,básquetbol
battery,batería
battle,batalla
bay,bahía
bayonet,bayoneta
benediction,bendición
benefice,beneficio
benefit,beneficiar
benevolence,benevolencia
benevolent,benévolo
benign,benigno
biblical,bíblico
biconditional,bicondicional
bicycle,bicicleta
bilingual,bilingüe
education,educación
bill,billete
binary,binario
arithmetic,aritmética
digit,dígito
binomial,binómica
biography,biografía
biological,biológico
biology,biología
bisector,bisector
bismuth,bismuto
bland,blando
blank,blanco
blasphemy,blasfemia
block,bloque
blouse,blusa
board,abordar
boat,bote
bomb,bomba
border,borde
boron,boro
bottle,botella
boulevard,bulevar
boxer,boxeador
brave,bravo
brevity,brevedad
brief,breve
brilliant,brillante
broccoli,brócoli
bromine,bromo
bronze,bronce
Buddhism,Budismo
bust,busto
button,botón
cabin,cabina
cabinet,gabinete
cable,cable
cadaver,cadáver
cafeteria,cafetería
calcium,calcio
calculability,calculabilidad
calculate,calcular
calculation,cálculo
calculator,calculadora
calculus,cálculo
calendar,calendario
calm,calma
calvary,calvario
camel,camello
camera,cámara
camouflage,camuflaje
camp,campamento
campaign,campana
campus,campo
canary,canario
cancel,cancelar
cancellation,cancelación
Cancer,Cáncer
candid,cándido
candidate,candidato
cane,cana
cannon,cañón
canon,canon
canonical,canónico
canyon,cañón
capable,capaz
capacity,capacidad
caparison,caparazón
cape,cabo
capital,capital
capital,capital
caprice,capricho
capricious,caprichoso
Capricorn,Capricornio
captain,capitán
capture,capturar
capture,capturar
car,carro
carbon,carbono
cardinal,cardenal
career,carrera
caress,caricia
carmine,carmín
carnivorous,carnívoro
Cartesian,cartesiano
case,caso
case,caso
caste,casta
castigation,castigo
castle,castillo
casual,casual
casualty,casualidad
catalog,catálogo
catalogue,catálogo
catastrophe,catástrofe
categorical,categórico
category,categoría
catenary,catenaria
cathedral,catedral
cause,causa
cavalier,caballero
cavalry,caballería
cave,cueva
cavity,cavidad
ceiling,cielo
celebrate,celebrar
celebrate,celebrar
celebration,celebración
celestial,celeste
cell,célula
cellular,celular
Celsius,Celsio
cement,cemento
cemetery,cementerio
census,censo
cent,centavo
centenary,centenario
center,centro
centiliter,centilitro
centimeter,centímetro
centimeter,centímetro
centrifugal,centrífugo
centripetal,centrípeto
century,centuria
ceramic,cerámica
cereal,cereal
cerebrum,cerebro
ceremony,ceremonia
certain,cierto
certitude,certeza
chain,cadena
champion,campeón
chance,chance
chant,canto
chaos,caos
chaotic,caótico
chapel,capilla
character,carácter
characteristic,característica
charge,carga
charged,cargado
charity,caridad
chart,carta
check,cheque
chemical,químico
chimera,quimera
chimney,chimenea
chimpanzee,chimpancé
chlorine,cloro
chocolate,chocolate
choir,coro
cholera,cólera
chord,cuerda
chromium,cromo
chronicle,crónica
chronicler,cronista
chronological,cronológico
cigarette,cigarro
cipher,cifra
circle,círculo
circle,círculo
circle,círculo
circuit,circuito
circular,circular
circumference,circunferencia
circumscribe,circunscribir
circumstance,circunstancia
circunscribe,circunscribir
citation,cita
cite,citar
city,ciudad
civilization,civilización
civilize,civilizar
civilized,civilizado
clarification,aclaración
clarify,clarificar
clarity,claridad
class,clase
classic,clásico
classification,clasificación
classified,clasificado
classify,clasificar
clear,claro
clef,clave
cleric,clérigo
client,cliente
clientele,clientela
climate,clima
clinic,clínica
cloister,claustro
coach,coche
coast,costa
code,código
codify,codificar
coefficient,coeficiente
coffee,café
cofunction,cofunción
cognate,cognado
coherent,coherente
coincide,coincidir
coincidence,coincidencia
coincident,coincidente
collaborate,colaborar
collaboration,colaboración
collaborator,colaborador
collapse,colapso
collar,cuello
colleague,colega
collect,coleccionar
collection,colección
collective,colectivo
collector,colector
college,colegio
collinear,colineal
colonel,coronel
colony,colonia
color,color
colored,coloreado
colossal,colosal
column,columna
column,columna
columnist,columnista
combat,combate
combatant,combatiente
combination,combinación
combine,combinar
comedy,comedia
comfort,confortar
comic,cómico
command,comandar
commence,comenzar
commencement,comienzo
comment,comentar
commentary,comentario
commerce,comercio
commercial,comercial
commissary,comisario
commission,comisión
committed,cometido
committee,comité
commodious,cómodo
commodity,comodidad
common,común
communicate,comunicar
communication,comunicación
Communism,Comunismo
communist,comunista
community,comunidad
commutative,conmutativo
commutativity,conmutatividad
commute,conmutar
compact,compacto
companion,compañero
company,compañía
compare,comparar
compared,comparado
comparison,comparación
compass,compás
compatriot,compatriota
compel,compeler
compensate,compensar
compensation,compensación
compete,competir
competence,competencia
competency,competencia
competent,competente
competition,competición
competitive,competitivo
competitor,competidor
compile,compilar
complement,complemento
complementary,complementario
complete,completar
completely,completamente
complex,complejo
complicate,complicar
complication,complicación
component,componente
component,componente
comport,comportar
compose,componer
composed,compuesto
composition,composición
comprehend,comprender
comprehensible,comprensible
comprehension,comprensión
compromise,compromiso
computational,computacional
compute,computar
computer,computadora
comrade,camarada
concave,cóncavo
concavity,concavidad
conceive,concebir
concentrate,concentrar
concentric,concéntrico
concept,concepto
conception,concepción
conceptualize,conceptualizar
concert,concierto
concession,concesión
conch,concha
conclude,concluir
concourse,concurso
concrete,concreto
concur,concurrir
concurrence,concurrencia
concurrent,concurrente
condemned,condenado
condition,condición
conditional,condicional
conditional,condicional
conduct,conducta
conduit,conducto
cone,cono
confederation,confederación
confer,conferir
conference,conferencia
confess,confesar
confession,confesión
confessor,confesor
confetti,confeti
confidence,confianza
confident,confiado
confidential,confidencial
confine,confinar
confirm,confirmar
confirmed,confirmado
conflict,conflicto
conform,conformar
conformable,conforme
conformity,conformidad
confounded,confundido
confuse,confundir
confused,confuso
confusing,confuso
confusion,confusión
congregation,congregación
congress,congreso
congruence,congruencia
congruent,congruente
conic,cónico
conjecture,conjeturar
conjecture,conjetura
conjoint,conjunto
conjugate,conjugado
conjunction,conjunción
conmutative,conmutativo
connect,conectar
connection,conexión
conquer,conquistar
conqueror,conquistador
conquest,conquista
conscience,consciencia
conscious,consciente
consciousness,conciencia
consecrated,consagrado
consecutive,consecutivo
consent,consentimiento
consequence,consecuencia
consequent,consiguiente
conservation,conservación
conservator,conservador
conserve,conservar
consider,considerar
considerate,considerado
consideration,consideración
consist,consistir
consistent,consistente
consistent,consistente
consolation,consuelo
consoler,consolador
consolidate,consolidar
constant,constante
constellation,constelación
constitute,constituir
constitution,constitución
constitutive,constitutivo
construct,construir
construction,construcción
construction,construcción
consult,consultar
consultation,consulta
consume,consumir
consumption,consumo
contact,contacto
contagion,contagio
contagious,contagioso
contain,contener
contemplated,contemplado
contemporaneous,contemporáneo
contemporary,contemporáneo
content,contento
context,contexto
contiguous,contiguo
continent,continente
continuation,continuación
continue,continuar
continuity,continuidad
continuous,continuo
contour,contorno
contract,contrato
contradict,contradecir
contradiction,contradicción
contradictory,contradictorio
contraposition,contraposición
contrapositive,contrapositivo
contrariety,contrariedad
contrary,contrario
contrast,contraste
contrasting,contrastante
contribute,contribuir
contribution,contribución
contributor,contribuyente
control,control
controversy,controversia
convenience,conveniencia
convenient,conveniente
convent,convento
convention,convención
conventional,convencional
converge,convergir
convergence,convergencia
convergent,convergente
conversation,conversación
converse,converso
convert,convertir
converted,convertido
convex,convexo
convexity,convexidad
convict,convicto
conviction,convicción
convince,convencer
convinced,convencido
cooperate,cooperar
cooperation,cooperación
coordinate,coordinar
copious,copioso
coplanar,coplanar
copper,cobre
copy,copiar
cordiality,cordialidad
core,corazón
corollary,corolario
corporate,corporativo
corpse,cuerpo
correct,correcto
correction,corrección
corrective,correctivo
correctly,correctamente
correlation,correlación
correlation,correlación
correspond,corresponder
correspondence,correspondencia
correspondent,correspondiente
corridor,corredor
cortex,corteza
cosecant,cosecante
cosmic,cósmico
cost,costo
cotangent,cotangente
counsel,consejo
counselor,consejero
count,conde
countable,contable
counterintuitive,contraintuitivo
countess,condesa
couplet,copla
courage,coraje
courier,correo
course,curso
court,corte
courteous,cortes
courtesy,cortesía
covariance,covarianza
cover,cubrir
coward,cobarde
cowardice,cobardía
coyote,coyote
cranium,cráneo
cream,crema
create,crear
creation,creación
creator,creador
creature,criatura
credit,crédito
crest,cresta
Cretaceous,Cretáceo
cretinism,cretinismo
crime,crimen
criminal,criminal
crinoid,crinoideo
criteria,criterios
criterion,criterio
critic,crítico
critical,crítico
critique,crítica
crocodile,cocodrilo
cross,cruz
crown,corona
crude,crudo
cruelty,crueldad
crustacean,crustáceo
crystal,cristal
crystalline,cristalino
cube,cubo
cubic,cubico
cuboid,cuboide
cult,culto
cultivate,cultivar
cultivation,cultivo
cultivator,cultivador
culture,cultura
cumulus,cúmulo
cup,copa
cure,cura
cured,curado
curiosity,curiosidad
curious,curioso
current,corriente
curtain,cortina
curvature,curvatura
curve,curva
curvilinear,curvilíneo
custom,costumbre
cycle,ciclo
cyclic,cíclico
cyclical,cíclica
cylinder,cilindro
cylindrical,cilíndrico
cyme,cima
cynical,cínico
dame,dama
dance,danzar
data,datos
datum,dato
day,día
debate,debate
debilitate,debilitar
debility,debilidad
debit,débito
debt,deuda
decade,década
decadence,decadencia
decadent,decadente
decagon,decágono
deceleration,desaceleración
December,diciembre
decent,decente
decidable,decidible
decide,decidir
deciliter,decilitro
decimal,decimal
decimeter,decímetro
decision,decisión
decisive,decisivo
declaration,declaración
declare,declarar
decline,declinar
decomposition,descomposición
decorate,decorar
decorated,decorado
decoration,decoración
decorative,decorativo
decorum,decoro
decree,decreto
dedicate,dedicar
dedicated,dedicado
deduce,deducir
deduct,deductivo
deduction,deducción
deductive,deductivo
defect,defecto
defend,defender
defense,defensa
defenseless,indefenso
defiance,desafío
deficiency,deficiencia
deficient,deficiente
define,definir
definite,definido
definition,definición
definitive,definitivo
deform,deformar
defunct,difunto
degenerative,degenerativa
delegate,delegado
delegation,delegación
delicacy,delicia
delicate,delicado
delicious,delicioso
delight,deleite
delirium,delirio
deltoid,deltoide
demand,demandar
democracy,democracia
democratic,democrático
demon,demonio
demonstrate,demostrar
denomination,denominación
denominator,denominador
denote,denotar
dense,denso
density,densidad
dentist,dentista
department,departamento
depend,depender
depend,depender
dependence,dependencia
dependent,dependiente
deport,deportar
deport,deportar
deposit,depósito
depreciate,depreciar
depreciation,depreciación
depress,deprimir
depression,depresión
deputy,diputado
derelict,derelicto
derivation,derivación
derive,derivar
descend,descender
descendant,descendiente
descending,descendente
descent,descender
describe,describir
describe,describir
description,descripción
desert,desierto
design,diseño
designate,designar
designated,designado
desired,deseado
desirous,deseoso
despair,desesperación
desperate,desesperado
desperation,desesperación
despotism,despotismo
destined,destinado
destiny,destino
destroy,destruir
destroyed,destruido
destructible,destructible
destruction,destrucción
destructive,destructivo
detail,detalle
detailed,detallado
detain,detener
detain,detener
detained,detenido
detect,detectar
detention,detención
determinant,determinante
determination,determinación
determine,determinar
determine,determinar
determined,determinado
deviate,desviar
deviation,desviación
devil,diablo
devotion,devoción
diagonal,diagonal
diagram,diagrama
dialect,dialecto
dialogue,diálogo
diameter,diámetro
diamond,diamante
diaphanous,diáfano
diary,diario
dictate,dictamen
dictation,dictado
dictator,dictador
dictatorship,dictadura
dictionary,diccionario
dictum,dicho
diet,dieta
difference,diferencia
different,diferente
differentiable,diferenciable
differential,diferencial
differentiate,diferenciar
differentiation,diferenciación
difficult,difícil
difficultly,difícilmente
difficulty,dificultad
diffuse,difuso
diffusion,difusión
digit,dígito
digital,digital
dignified,digno
dignity,dignidad
dike,dique
dilate,dilatar
diligence,diligencia
dimensionality,dimensionalidad
diminution,disminución
dinosaur,dinosaurio
diplomatic,diplomático
direct,directo
direction,dirección
directions,direcciones
directly,directamente
director,director
directrix,directriz
disagreeable,desagradable
disappear,desaparecer
disappear,desaparecer
disappearance,desaparición
disapprove,desaprobar
disaster,desastre
disc,disco
disciple,discípulo
discipline,disciplina
disconnection,desconexión
discontent,descontento
discontinuous,discontinuo
discourse,discurso
discover,descubrir
discovery,descubrimiento
discrete,discreto
discriminant,discriminante
discriminate,discriminar
discrimination,discriminación
discuss,discutir
discuss,discutir
discussion,discusión
disdain,desdén
disgrace,desgracia
disgraced,desgraciado
disgust,disgusto
disinterest,desinterés
disjunction,disyunción
disjunction,disyunción
disorder,desorden
disorderly,desordenado
dispatch,despacho
disposition,disposición
dispraise,desprecio
disproportion,desproporción
disproportionate,desproporcionado
dispute,disputa
disrespect,irrespetar
dissatisfaction,insatisfacción
dissertation,disertación
dissolution,disolución
distance,distancia
distance,distancia
distant,distante
distinct,distinto
distinction,distinción
distinguish,distinguir
distinguished,distinguido
distort,distorsionar
distortion,distorsión
distracted,distraido
distribute,distribuir
distribute,distribuir
distributed,distribuido
distribution,distribución
distribution,distribución
distributive,distributivo
distributivity,distributividad
district,distrito
divergence,divergencia
divergent,divergente
diverse,diverso
diversity,diversidad
diverted,divertido
divide,dividir
divided,dividido
dividend,dividendo
divine,divino
divisibility,divisibilidad
division,división
divisor,divisor
divorce,divorcio
docile,dócil
doctor,doctor
doctorate,doctorado
doctrine,doctrina
document,documento
dodecagon,dodecágono
dollar,dolar
dolorous,doloroso
dominant,dominante
dominate,dominar
domination,dominación
dominion,dominio
dormant,dormido
double,doble
doubt,duda
dozen,docena
dragon,dragón
dramatic,dramático
ductile,dúctil
duel,duelo
duke,duque
dulcet,dulce
duplicate,duplicar
duration,duración
during,durante
dynamic,dinámico
dynamite,dinamita
eccentric,excéntrico
eccentricity,excentricidad
ecclesiastic,eclesiástico
echo,eco
economic,económico
economy,economía
edict,edicto
edifice,edificio
edit,editar
edition,edición
educate,educar
education,educación
educator,educador
effect,efecto
effective,efectivo
effector,efector
efferent,eferente
effervescence,efervescencia
efficacious,eficacia
efficacy,eficacia
efficiency,eficiencia
efficient,eficiente
efflorescence,eflorescencia
effort,esfuerzo
egoism,egoísmo
egoist,egoísta
einsteinium,einstenio
elaboration,elaboración
elastic,elástica
elect,electo
elected,elegido
election,elección
electric,eléctrico
electrical,eléctrico
electrician,electricista
electricity,electricidad
electrochemical,electroquímico
electrochemistry,electroquímica
electrode,electrodo
electrodeposition,electrodeposición
electrodynamics,electrodinámica
electroencephalogram,electroencefalograma
electrolyze,electrolizar
electromagnet,electroimán
electromagnetic,electromagnético
electromagnetism,electromagnetismo
electronic,electrónica
elegance,elegancia
elegant,elegante
element,elemento
element,elemento
elementary,elemento
elephant,elefante
elevate,elevar
elevated,elevado
elevation,elevación
eligible,elegible
eliminate,eliminar
elimination,eliminación
elimination,eliminación
ellipse,elipse
ellipsoid,elipsoide
elliptical,elíptico
eloquence,elocuencia
eloquent,elocuente
embassy,embajada
emigrant,emigrante
eminent,eminente
emotion,emoción
emperor,emperador
emphasis,énfasis
empire,imperio
empirical,empírico
employ,emplear
employee,empleado
empress,emperatriz
enamored,enamorado
enchanted,encantado
enchanter,encantador
encounter,encuentro
encountered,encontrado
encyclopedia,enciclopedia
enemy,enemigo
energetic,enérgico
energy,energía
energy,energía
engineer,ingeniero
english,inglés
enormous,enorme
enter,entrar
enterprise,empresa
entertain,entretener
entertainment,entretenimiento
enthusiast,entusiasta
entire,entero
entity,entidad
entrance,entrada
enumerate,enumerar
enumeration,enumeración
envy,envidia
epicycloid,epicicloide
epicycle,epiciclo
epilogue,epílogo
episode,episodio
epoch,época
equal,igual
equality,igualdad
equation,ecuación
equations,ecuaciones
equidistant,equidistante
equilateral,equilátero
equilibrium,equilibrio
equine,equino
equinox,equinoccio
equip,equipar
equipotential,equipotencial
equivalence,equivalencia
equivalent,equivalente
ergonomics,ergonomía
erode,erosionar
err,errar
errant,errante
erratic,errático
erratics,erráticas
erroneous,erróneo
error,error
erudite,erudito
erudition,erudición
eruption,erupción
escalator,escalera
escape,escapar
escape,escapar
escutcheon,escudo
esophagus,esófago
esoteric,esotérico
especially,especialmente
essay,ensayo
essence,esencia
essential,esencial
establish,establecer
established,establecido
establishment,establecimiento
esthetic,estético
estimate,estimado
estimation,estimación
estuary,estuario
eternal,eterno
eternity,eternidad
ethic,ética
ethical,ético
Ethiopia,Etiopía
ethnic,étnico
ethnicity,etnicidad
ethnocentrism,etnocentrismo
ethnographer,etnógrafo
ethnologist,etnólogo
etymology,etimología
Euclidean,euclideano
eukaryote,eucariota
eulogy,elogio
Eurocentric,Eurocéntrico
Europe,Europa
eutrophication,eutrofización
evacuate,evacuar
evaluate,evaluar
evaluation,evaluación
evangelic,evangélico
evaporation,evaporación
event,evento
event,evento
events,eventos
eventually,eventualmente
evidence,evidencia
evident,evidente
evidently,evidentemente
evocation,evocación
evoke,evocar
evolution,evolución
exact,exacto
exactitude,exactitud
exactly,exactamente
exaggerate,exagerar
exaggerated,exagerado
exaggeration,exageración
exalt,exaltar
exaltation,exaltación
exalted,exaltado
exam,examen
examination,examen
examine,examinar
examine,examinar
example,ejemplo
exceed,exceder
excellence,excelencia
excellent,excelente
except,excepto
exception,excepto
exceptional,excepcional
excess,exceso
excessive,exceso
exclaim,exclamar
exclude,excluir
exclusive,exclusivo
excrete,excretar
excretion,excreción
excretory,excretor
excuse,excusa
execution,ejecución
exemplary,ejemplar
exempt,exento
exemption,exempción
exercise,ejercicio
exert,ejercer
exfoliation,exfoliación
exhalation,exhalación
exhibit,exhibir
exhibition,exhibición
exigence,exigencia
exist,existir
existence,existencia
existent,existente
Existentialism,existencialismo
exocytosis,exocitosis
exodus,éxodo
exosphere,exosfera
exothermic,exotérmico
exotic,exótico
expand,expandir
expansionism,expansionismo
expedition,expedición
experience,experiencia
experiment,experimento
expert,experto
explication,explicación
explicit,explícito
explode,explotar
exploit,explotar
exploitation,explotación
exploration,exploración
explore,explorar
explosion,explosión
explosive,explosivo
exponent,exponente
exponent,exponente
exponential,exponencial
exponentiation,exponenciación
export,exportar
expose,exponer
exposed,expuesto
exposition,exposición
express,expreso
expression,expresión
Expressionism,expresionismo
expressive,expresivo
exquisite,exquisito
extend,extender
extended,extendido
extensive,extenso
external,externo
extra,extra
extract,extraer
extraordinary,extraordinario
extrapolate,extrapolar
extrapolation,extrapolación
extravagant,extravagante
extreme,extremo
facade,fachada
fable,fábula
fabricate,fabricar
fabrication,fabricación
fabulous,fabuloso
face,faz
facia,faja
facile,fácil
facilitate,facilitar
facility,facilidad
facsimile,facsímil
faction,facción
factor,factor
factorization,factorización
faculty,facultad
fair,feria
fallacy,falacia
false,falso
falsificator,falsificador
fame,fama
familiar,familiar
family,familia
famous,famoso
fantastic,fantástico
fantasy,fantasía
farce,farsa
fascinate,fascinar
fascinate,fascinar
fascism,fascismo
fatalism,fatalismo
fatality,fatalidad
fatigue,fatiga
fatigued,fatigado
fault,falta
favorable,favorable
favorite,favorito
feast,fiesta
fecund,fecundo
felicitous,feliz
felicity,felicidad
feminine,femenino
ferment,fermento
ferocious,feroz
ferrous,ferroso
fertile,fértil
fertility,fertilidad
festive,festivo
fever,fiebre
fiasco,fracaso
fiction,ficción
figure,figura
figure,figura
file,fila
filiation,filiación
finality,finalidad
finally,finalmente
finance,finanzas
fine,fino
finish,finalizar
finite,finito
firm,firma
fixed,fijo
flaccid,flaco
flexible,flexible
florid,florido
flower,flor
fluctuate,fluctuar
fluid,fluido
flute,flauta
focus,foco
force,fuerza
forced,forzado
foreigner,forastero
form,forma
form,formar
form,forma
format,formato
formation,formación
formed,formado
formulate,formular
fort,fortaleza
fortunate,afortunado
fortunately,afortunadamente
fortune,fortuna
foundation,fundación
founded,fundado
fraction,fracción
fractionation,fraccionación
fragile,frágil
fragment,fragmento
fragmentary,fragmentario
France,Francia
france,francia
franchise,franquicia
frank,franco
fraternity,fraternidad
frenetic,frenético
frenzy,frenesí
frequency,frecuencia
frequent,frecuente
fresh,fresco
friar,fraile
frivolity,frivolidad
frond,fronda
front,frente
frontier,frontera
fruit,fruta
fugue,fuga
function,función
function,función
functional,funcional
functionary,funcionario
fund,fondo
fundament,fundamento
funebrial,fúnebre
funeral,funeral
funereal,fúnebre
furious,furioso
fury,furia
future,futuro
galaxy,galaxia
gallant,galante
gallery,galería
gallon,galón
gallop,galope
galvanize,galvanizar
garage,garaje
garden,jardín
gardener,jardinero
garnish,guarnición
gas,gas
gasoline,gasolina
gender,género
general,general
general,general
generality,generalidad
generate,generar
generation,generación
generic,genérico
generosity,generosidad
generous,generoso
genius,genio
genteel,gentil
gentle,gentil
genuine,genuino
geographical,geográfico
geography,geografía
geometry,geometría
germ,germen
gestation,gestación
gesticulation,gesticulación
gesture,gesto
giant,gigante
gigantic,gigantesco
giraffe,jirafa
gland,glándula
globe,globo
glorious,glorioso
glory,gloria
glossary,glosario
glucose,glucosa
glutton,glotón
gnostic,gnóstico
goal,gol
golf,golf
gorilla,gorila
gothic,gótico
govern,gobernar
government,gobierno
governor,gobernador
grace,gracia
gracious,gracioso
grade,grado
grain,grano
gram,gramo
grammar,gramática
grammatical,gramatical
grand,grande
grandeur,grandeza
grateful,grato
gratify,gratificar
gratitude,gratitud
gravitation,gravitación
gravity,gravedad
grease,grasa
great,grande
grotesque,grotesco
group,grupo
guarantee,garantía
guard,guardia
guide,guía
guitar,guitarra
gyre,giro
habit,hábito
habitation,habitación
hamburger,hamburguesa
harmonic,armónico
harmonious,armonioso
harmony,armonía
harpoon,arpón
hatchet,hacha
hegemony,hegemonía
heir,heredero
helicopter,helicóptero
helium,helio
hemisphere,hemisferio
herb,hierba
hereditary,hereditario
hero,héroe
heroic,heroico
heroin,heroína
heroism,heroísmo
hierarchy,jerarquía
hippopotamus,hipopótamo
historian,historiador
historical,histórico
history,historia
hologram,holograma
holography,holografía
homage,homenaje
homeopathy,homeopatía
hominid,homínido
homocyclic,homocíclico
homogenization,homogeneización
homologous,homólogo
homopolymer,homopolímero
homozygous,homocigoto
honest,honesto
honesty,honestidad
honor,honor
honored,honrado
horizon,horizonte
horizontally,horizontalmente
hormone,hormona
hornblende,hornablenda
horology,horología
horrendous,horrendo
horrible,horrible
horticulture,horticultura
hospital,hospital
hospitality,hospitalidad
hostelry,hostería
hostile,hostil
hostility,hostilidad
hotel,hotel
hour,hora
human,humano
humanity,humanidad
humble,humilde
humid,húmedo
humility,humildad
humorous,humorístico
hurricane,huracán
hydrogen,hidrógeno
hymn,himno
hyperactive,hiperactivo
hyperbolic,hiperbólico
hypothesis,hipótesis
idea,idea
idealism,idealismo
identical,idéntico
identification,identificación
identify,identificar
identity,identidad
ideology,ideología
idiot,idiota
idol,ídolo
ignorance,ignorancia
ignorant,ignorante
ignore,ignorar
ignored,ignorado
ileum,íleon
illuminance,iluminancia
illuminate,iluminar
illuminated,iluminado
illumination,iluminación
illusion,ilusión
illustrate,ilustrar
illustrated,ilustrado
illustration,ilustración
illustrious,ilustre
image,imagen
imaginary,imaginario
imagination,imaginación
imaginative,imaginativo
imagine,imaginar
imagine,imaginar
imitate,imitar
imitation,imitación
immediate,inmediato
immediately,inmediatamente
immense,inmenso
immersion,inmersión
immigrant,inmigrante
immigrants,inmigrantes
immigrate,inmigrar
immigration,inmigración
immiscible,inmiscible
immobile,inmóvil
immortal,inmortal
immune,inmune
impact,impacto
impartial,imparcial
impassioned,apasionado
impatience,impaciencia
impatient,impaciente
imperfect,imperfecto
impetus,ímpetu
implement,implementar
implicate,implicar
implicit,implícito
implore,implorar
imply,implicar
import,importar
importance,importancia
important,importante
importation,importación
impose,imponer
imposing,imponente
impossibility,imposibilidad
impossible,imposible
impost,impuesto
impotence,impotencia
impressed,impresionado
impression,impresión
impulse,impulso
impure,impuro
impurity,impureza
in,en
incapable,incapaz
incarnate,encarnado
incentive,incentivo
incessant,incesante
incidence,incidencia
incident,incidente
inclination,inclinación
incline,inclinar
include,incluir
inclusive,incluso
inclusive,inclusiva
incomplete,incompleto
inconvenient,inconveniente
incorporate,incorporar
increase,incrementar
incredible,increíble
incurable,incurable
indecisive,indeciso
indefinable,indefinible
indefinite,indefinida
independence,independencia
independent,independiente
indeterminate,indeterminada
index,índice
indicate,indicar
indication,indicación
indicative,indicativo
indifference,indiferencia
indifferent,indiferente
indignant,indigno
indignation,indignación
indirect,indirecto
indiscreet,indiscreto
individual,individuo
individualism,individualismo
indubitable,indudable
induce,inducir
industry,industria
ineffable,inefable
infancy,infancia
infant,infante
infantile,infantil
infelicitous,infeliz
infer,inferir
inferno,infierno
infidel,infiel
infinite,infinito
infinite,infinito
infinity,infinidad
infirm,enfermo
influence,influencia
influential,influyente
influx,influjo
inform,informar
information,información
infrastructure,infraestructura
ingenious,ingenioso
ingenuity,ingenuidad
ingenuous,ingenuo
ingress,ingreso
inhabitant,habitante
inherent,inherente
inheritance,herencia
inhibit,inhibir
initial,inicial
initiate,iniciar
initiated,iniciado
initiation,iniciación
initiative,iniciativa
injury,injuria
injustice,injusticia
innocence,inocencia
innocent,inocente
innovate,innovar
innovation,innovación
inoffensive,inofensivo
inquietude,inquietud
insect,insecto
insects,insectos
inseparable,inseparable
insert,insertar
insignificant,insignificante
insist,insistir
insist,insistir
inspect,inspeccionar
inspection,inspección
inspiration,inspiración
inspired,inspirado
installation,instalación
installed,instalado
instance,instancia
instant,instante
instinct,instinto
instinctive,instintivo
institute,instituto
institution,institución
instruct,instruir
instructed,instruido
instruction,instrucción
instrument,instrumento
insult,insultar
integral,integral
integrate,integrar
integration,integración
integrity,integridad
intellectual,intelectual
intellectualism,intelectualismo
intelligence,inteligencia
intelligent,inteligente
intend,intentar
intense,intenso
intensity,intensidad
intent,intento
intention,intención
interact,interactuar
intercepted,interceptado
interest,interés
interested,interesado
interesting,interesante
interface,interfase
interfere,interferir
interference,interferencia
intermediate,intermediar
internal,interno
international,internacional
internet,internet
interpret,interpretar
interpretation,interpretación
interrupt,interrumpir
interrupt,interrumpir
interrupted,interrumpido
interruption,interrupción
interstellar,interestelar
interstitial,intersticial
interval,intervalo
intervene,intervenir
intervention,intervención
intestine,intestino
intimacy,intimidad
intimate,íntimo
intrinsic,intrínseco
introduce,introducir
introduction,introducción
introvert,introvertido
intuition,intuición
invaded,invadido
invent,inventar
invent,inventar
invention,invención
inverse,inverso
inverse,inversa
invert,invertir
invest,invertir
investigate,investigar
investigate,investigar
investigation,investigación
investigator,investigador
invincible,invencible
invitation,invitación
invite,invitar
invite,invitar
invited,invitado
invoke,invocar
involve,envolver
ironic,irónico
irony,ironía
irreducible,irreducible
irregular,irregular
irreproachable,irreprochable
irresponsible,irresponsable
island,isla
isle,isla
isometric,isométrico
Italian,italiano
iterative,iterativo
itinerary,itinerario
Japanese,japonés
jar,jarra
jargon,jerga
jasmine,jazmín
jocose,jocoso
joint,junta
journey,jornada
jubilant,jubiloso
jubilation,jubilación
judge,juez
judgment,juicio
judiciary,judiciario
judicious,juicioso
jugular,yugular
June,junio
jungle,jungla
juridical,jurídico
jury,jurado
just,justo
justice,justicia
justified,justificado
justify,justificar
juvenile,juvenil
juxtapose,yuxtaponer
kaleidoscope,caleidoscopio
kangaroo,canguro
karate,kárate
kerosene,queroseno
khaki,caqui
kilogram,kilogramo
kilometer,kilómetro
kiosk,kiosco
Kurd,kurda
labor,laborar
laboratory,laboratorio
laborious,laborioso
labour,labor
lacteous,lácteo
lacuna,laguna
lagoon,laguna
lake,lago
lament,lamentar
lamentation,lamentación
lamp,lámpara
language,lenguaje
lasso,lazo
latent,latente
latitude,latitud
leader,líder
league,liga
lecture,lectura
legato,ligado
legend,leyenda
legislate,legislar
legislator,legislador
legitimate,legítimo
legumes,legumbres
lemon,limón
lens,lente
leopard,leopardo
lesson,lección
lessons,lecciones
letter,letra
lettering,letrero
liberal,libre
liberalism,liberalismo
liberty,libertad
licence,licencia
licensed,licenciado
licit,lícito
ligament,ligamento
limit,límite
limitation,limitación
limited,limitado
limpid,limpio
line,línea
lineage,linaje
linen,lino
lion,león
liquid,líquido
liquidate,liquidar
liquor,licor
list,lista
literal,literal
literary,literario
literature,literatura
lithium,litio
littoral,litoral
local,local
locality,localidad
locate,localizar
locate,localizar
logarithmic,logarítmica
logarithmic,logarítmica
logic,lógica
logical,lógico
longitude,longitud
lottery,lotería
loyal,leal
loyalty,lealtad
lucid,lúcido
luminary,lumbrera
luminosity,luminosidad
luminous,luminoso
lunar,lunar
lunatic,lunático
lyric,lírico
lyrical,lírico
machine,máquina
machinery,maquinaria
magic,magia
magical,mágico
magician,mago
magisterial,magistral
magistrate,magistrado
magnesium,magnesio
magnetic,magnético
magnificent,magnífico
magnitude,magnitud
maintain,mantener
maize,maíz
majesty,majestad
major,mayor
majority,mayoría
malice,malicia
malignant,maligno
manage,manejo
mandate,mandato
maneuver,maniobra
manganese,manganeso
manifestation,manifestación
manifesto,manifiesto
manipulate,manipular
manner,manera
mantel,manto
manufacture,manufacturar
manuscript,manuscrito
map,mapa
marble,mármol
march,marchar
March,marzo
March,marchar
margarine,margarina
margin,margen
marine,marino
marionettes,marionetas
maritime,marítimo
mark,marcar
marked,marcado
market,mercado
marquis,marqués
Mars,Marte
martyr,mártir
martyrdom,martirio
marvel,maravilla
marvelous,maravilloso
masochism,masoquismo
mass,masa
massage,masaje
material,material
maternal,materno
mathematical,matemático
mathematics,matemáticas
matrimony,matrimonio
matrix,matriz
matter,materia
mature,maduro
maturity,madurez
maxim,máxima
maximise,maximizar
maximum,máximo
may,mayo
mechanic,mecánico
mechanical,mecánico
mechanics,mecánica
mechanism,mecanismo
medal,medalla
median,mediano
mediate,mediar
medic,médico
medical,médico
medicine,medicina
meditation,meditación
medium,medio
melancholic,melancólico
melancholy,melancolía
member,miembro
memorable,memorable
memory,memoria
menace,amenaza
mendicant,mendigo
mention,mención
mentioned,mencionado
merchant,comerciante
mercury,mercurio
mercy,merced
merit,mérito
merited,mérito
message,mensaje
messenger,mensajero
metal,metal
metallic,metálico
metamorphic,metamórfico
meter,metro
method,método
methodical,metódico
metropolis,metrópoli
microscope,microscopio
migrate,migrar
mile,milla
military,militar
militia,milicia
mill,molino
million,millón
mind,mente
mine,mina
miner,minero
mineral,mineral
miniature,miniatura
minimal,mínimo
minimise,minimizar
minimum,mínimo
minister,ministro
ministry,ministerio
minor,menor
minus,menos
minute,minuto
minutes,minutos
misery,miseria
mission,misión
mitochondria,mitocondria
mixed,mixto
mobile,móvil
mode,modo
model,modelo
moderate,moderado
moderation,moderación
modern,moderno
modest,modesto
modesty,modestia
modification,modificación
modify,modificar
moment,momento
momentary,momentáneo
monarch,monarca
monarchy,monarquía
monastery,monasterio
money,moneda
monk,monje
monster,monstruo
monstrous,monstruoso
monument,monumento
moral,moral
morality,moralidad
morose,moroso
mort,muerte
mortality,mortalidad
mother,madre
motivate,motivar
motivation,motivación
motive,motivo
mount,monte
mountain,montaña
mounted,montado
move,mover
movement,movimiento
much,mucho
multinomial,multinómico
multiplication,multiplicación
multiply,multiplicar
multitude,multitud
municipality,municipio
munition,munición
muscle,músculo
muscular,muscular
museum,museo
music,música
musician,músico
mutant,mutante
mute,mudo
mutual,mutuo
my,mi
mysterious,misterioso
mystery,misterio
mystic,místico
mysticism,misticismo
myth,mito
name,nombre
nanometer,nanómetro
nanosecond,nanosegundo
nanotube,nanotubo
naphtha,nafta
naphthalene,naftalina
narcotic,narcótico
narrate,narrar
narration,narración
nation,nación
national,nacional
nationality,nacionalidad
native,nativo
natural,natural
naturally,naturalmente
nature,naturaleza
navigable,navegable
navigation,navegación
nebula,nube
necessary,necesario
necessitate,necesitar
necessitous,necesitado
necessity,necesidad
nectar,néctar
negate,negar
negative,negativo
negative,negativo
negative,negativa
negligence,negligencia
negotiate,negociar
Neptune,Neptuno
nerve,nervio
nervous,nervioso
nest,nido
neutral,neutro
night,noche
Nihilism,Nihilismo
no,no
nobility,nobleza
nocturnal,nocturno
norm,norma
normal,normal
normality,normalidad
normalized,normalizada
normally,normalmente
north,norte
northeast,nordeste
not,no
notary,notario
note,nota
notice,noticia
notify,notificar
notion,noción
notorious,notorio
noun,nombre
nourished,nutrido
novel,novela
novelesque,novelesco
novelist,novelista
novelistic,novelesco
novelty,novedad
nucleus,núcleo
null,nulo
number,número
numerator,numerador
numerous,numeroso
nutritive,nutritivo
obedience,obediencia
obedient,obediente
obey,obedecer
object,objeto
objection,objeción
objective,objetivo
obligation,obligación
obligatory,obligatorio
oblige,obligar
obliged,obligado
oblivion,olvido
obscure,obscuro
obscurity,obscuridad
observation,observación
observatory,observatorio
observe,observar
observed,observado
obsessed,obsesionado
obsession,obsesión
obstacle,obstáculo
obstruct,obstruir
obtain,obtener
obvious,obvio
occasion,ocasión
occult,oculto
occupation,ocupación
occupy,ocupar
occur,ocurrir
occurred,ocurrido
occurrence,ocurrencia
ocean,océano
octave,octavo
October,octubre
odious,odioso
odium,odio
odor,olor
offend,ofender
offense,ofensa
offer,oferta
office,oficina
officer,oficial
official,oficial
olive,olivo
omission,omisión
omit,omitir
on,en
one,uno
opaque,opaco
operate,operar
operation,operación
operator,operador
opinion,opinión
opportune,oportuno
opportunity,oportunidad
oppose,oponer
opposite,opuesto
opposition,oposición
oppression,opresión
optimal,óptima
optimism,optimismo
optimist,optimista
option,opción
opus,obra
or,o
oration,oración
orator,orador
orb,orbe
order,orden
ordered,ordenado
ordinary,ordinario
ordinate,ordenado
organ,órgano
organic,orgánico
organism,organismo
organization,organización
organize,organizar
organized,organizado
orient,oriente
orientation,orientación
oriented,orientado
origin,origen
originality,originalidad
ornament,ornamento
orthodox,ortodoxo
orthogonal,ortogonal
orthonormal,ortonormal
other,otro
oxygen,oxígeno
Pacific,Pacífico
pacify,pacificar
pact,pacto
page,página
pain,pena
paint,pintar
painted,pintado
painter,pintor
pair,pareja
palace,palacio
pallid,pálido
palm,palma
palpitating,palpitante
panic,pánico
paper,papel
paradigm,paradigma
paradise,paraíso
paradox,paradoja
paragraph,párrafo
parallel,paralelo
paralyze,paralizar
parameter,parámetro
parametric,paramétrico
pardon,perdón
parent,pariente
parish,parroquia
park,parque
parliament,parlamento
parliamentary,parlamentario
parole,palabra
part,parte
partial,parcial
participate,participar
participation,participación
particle,partícula
partisan,partidario
party,partido
pass,pasar
passage,pasaje
passed,pasado
passenger,pasajero
passion,pasión
passive,pasivo
past,pasado
paste,pasta
paternal,paterno
pathetic,patético
patience,paciencia
patient,paciente
patriarch,patriarca
patrimony,patrimonio
patriot,patriota
patriotic,patriótico
patriotism,patriotismo
pause,pausa
pavement,pavimento
pearl,perla
pedagogic,pedagógico
pedagogue,pedagogo
pendant,pendiente
pending,pendiente
penetrant,penetrante
penguin,pingüino
per,por
perceive,percibir
peregrine,peregrino
perennial,perenne
perfect,perfecto
perfection,perfección
perfectly,perfectamente
perfume,perfume
peril,peligro
perilous,peligroso
period,periodo
periodic,periódica
periodical,periódico
permanent,permanente
permission,permiso
permit,permitir
perpendicular,perpendicular
perpetual,perpetuo
perplexity,perplejidad
persist,persistir
persistent,persistente
person,persona
personage,personaje
personality,personalidad
perspective,perspectiva
persuade,persuadir
pessimism,pesimismo
petal,pétalo
petition,petición
petroleum,petróleo
pharmaceutical,farmacéutico
pharmacy,farmacia
phase,fase
phenomena,fenómeno
phenomenon,fenómeno
philosopher,filósofo
philosophical,filosófico
philosophy,filosofía
photo,foto
photodegradable,fotodegradable
photograph,fotografía
photographer,fotógrafo
photography,fotografía
photolysis,fotolisis
photometry,fotometría
photomicrograph,fotomicrografía
photon,fotón
photoreceptor,fotorreceptor
photosphere,fotosfera
photosynthesis,fotosíntesis
phototropism,fototropismo
photovoltaic,fotovoltaica
phrase,frase
phrenology,frenología
phycoerythrin,ficoeritrina
phylum,fílum
physical,físico
physics,física
physiological,fisiológico
piano,piano
picturesque,pintoresco
piece,pieza
piety,piedad
pigment,pigmento
pile,pila
pillar,pilar
pilot,piloto
pine,pino
pioneer,pionero
pious,pío
pipe,pipa
pirate,pirata
pistol,pistola
placid,plácido
plan,plan
plane,plano
planet,planeta
planetarium,planetario
plans,planes
plant,planta
planted,planteado
plants,plantas
plaque,placa
plate,plato
plates,platos
platonic,platónico
pleasure,placer
plebeian,plebeyo
plenitude,plenitud
plenum,pleno
plume,pluma
plural,plural
Pluto,plutón
ply,pliego
poem,poema
poesy,poesía
poet,poeta
poetic,poético
point,punto
pole,palo
polemic,polémica
police,policía
political,político
politician,político
politics,política
polynomial,polinomial
poniard,puñal
popular,popular
popularity,popularidad
population,población
port,puerto
portentous,portentoso
portion,porción
position,posición
positive,positivo
positive,positivo
possess,poseer
possession,posesión
possessor,poseedor
possibility,posibilidad
possible,posible
post,poste
postpone,posponer
potato,patata
potency,potencia
potent,potente
potential,potencial
poverty,pobreza
power,poder
practical,práctico
practice,práctica
practice,practicar
prairie,pradera
precaution,precaución
precede,presidir
precedent,precedente
precious,precioso
precise,preciso
predilection,predilección
predominance,predominio
predominant,predominante
preface,prefacio
prefer,preferir
preference,preferencia
preferred,preferido
prejudice,prejuicio
preliminary,preliminar
premium,premio
preoccupation,preocupación
preoccupied,preocupado
preparation,preparación
prepare,preparar
prepare,preparar
prepared,preparado
presence,presencia
present,presente
present,presentar
presentation,presentación
presented,presentado
preserve,preservar
preserved,preservada
presidency,presidencia
president,presidente
press,prensa
pressure,presión
prestige,prestigio
presume,presumir
presumptuous,presuntuoso
presupposed,presupuesto
pretend,pretender
pretender,pretendiente
pretense,pretensión
pretext,pretexto
prevent,prevenir
prevention,prevención
previous,previo
prey,presa
price,precio
primary,primario
prime,prima
primitive,primitivo
prince,príncipe
princess,princesa
principle,principio
printing,imprenta
priority,prioridad
prison,prisión
prisoner,prisionero
private,privado
privilege,privilegio
probability,probabilidad
problem,problema
procedure,procedimiento
proceed,proceder
proceeding,procedente
process,proceso
procession,procesión
proclaimed,proclamado
prodigious,prodigioso
produce,producir
produced,producido
product,producto
production,producción
profession,profesión
professional,profesional
professor,profesor
profile,perfil
profit,provecho
profitable,provechoso
profound,profundo
profundity,profundidad
program,programa
programmable,programable
progress,progreso
progressive,progresivo
prohibit,prohibir
project,proyecto
projection,proyección
prologue,prólogo
prolongation,prolongación
prolonged,prolongado
promise,promesa
promote,promover
pronounce,pronunciar
pronounced,pronunciado
pronunciation,pronunciación
proper,propio
property,propiedad
prophet,profeta
propitious,propicio
proportion,proporción
propose,proponer
proposition,proposición
proprietary,propietario
prose,prosa
prospect,prospecto
prosperity,prosperidad
protagonist,protagonista
protect,proteger
protection,protección
protest,protesta
protocol,protocolo
prove,probar
providence,providencia
province,provincia
provincial,provinciano
proximal,próximo
proximity,proximidad
prudence,prudencia
prudent,prudente
psychological,psicológico
psychology,psicología
psychrometer,psicrómetro
public,público
publication,publicación
publicity,publicidad
publish,publicar
published,publicado
pudency,pudor
puerile,pueril
punctual,puntual
punctuation,puntuación
pure,puro
purity,pureza
purpose,propósito
quadrate,cuadro
quadratic,cuadrático
quadratrix,cuadratriz
quadrilateral,cuadrilátero
quadruple,cuadruplicar
qualification,calificación
qualified,calificado
qualify,calificar
qualitative,cualitativo
quality,calidad
quantify,cuantificar
quantitative,cuantitativo
quantity,cantidad
quantum,cuanto
quarantine,cuarentena
quarter,cuartel
quartet,cuarteto
quartile,cuartil
quarto,cuarto
quartz,cuarzo
quaternion,cuaternio
question,cuestionar
questionable,cuestionable
quiescence,quietud
quiet,quieto
quietude,quietud
quota,cuota
quotidian,cotidiano
quotient,cuociente
rabies,rabia
race,raza
race,raza
radiant,radiante
radiator,radiador
radical,radical
radio,radio
ramification,ramificación
ranch,rancho
rancid,rancio
rancor,rencor
rank,rango
rapacious,rapaz
rapid,rápido
rapidity,rapidez
rare,raro
ratio,razón
ration,ración
rational,racional
ray,rayo
react,reaccionar
reaction,reacción
real,real
realism,realismo
realist,realista
reality,realidad
realization,realización
realized,realizado
really,realmente
reason,razón
reasonable,razonable
reasoning,razonamiento
rebel,rebelde
rebellion,rebelión
rebellious,revoltoso
rebelliousness,rebeldía
receive,recibir
received,recibido
recent,reciente
recently,recientemente
reception,recepción
recipe,receta
recite,recitar
recognition,reconocimiento
recognize,reconocer
recognized,reconocido
recommend,recomendar
recompense,recompensa
reconstruction,reconstrucción
recourse,recurso
recover,recobrar
recrimination,recriminación
rectify,rectificar
redaction,redacción
reduce,reducir
reduced,reducido
reducible,reducible
reduction,reducción
refer,referir
reference,referencia
referential,referente
referred,referido
refine,refinar
refined,refinado
reflect,reflejar
reflection,reflexión
reflex,reflejo
reform,reforma
refresh,refrescar
refuge,refugio
regal,regio
regime,régimen
regiment,regimiento
register,registro
registered,registrado
regress,regreso
regular,regular
regulate,regular
regulation,regla
reign,reino
relate,relacionar
related,relacionado
relation,relato
relative,relativo
relax,relajar
relevant,relevante
relief,relieve
religion,religión
religious,religioso
remark,remarcar
remedy,remedio
remote,remoto
remove,remover
renaissance,renacimiento
rent,renta
repair,reparar
reparation,reparación
repeat,repetir
repercussion,repercusión
repertory,repertorio
repetition,repetición
replace,reemplazar
report,reporte
repose,reposo
represent,representar
representation,representación
representative,representativo
represented,representado
reproach,reproche
reproduce,reproducir
reproduction,reproducción
republic,república
republican,republicano
repugnant,repugnante
reputation,reputación
require,requerir
reserve,reserva
reserved,reservado
reside,residir
residence,residencia
resist,resistir
resistance,resistencia
resolution,resolución
resolve,resolver
resort,resorte
respect,respeto
respectable,respetable
respective,respecto
respond,responder
response,respuesta
responsibility,responsabilidad
responsible,responsable
rest,resto
restaurant,restaurante
restore,restaurar
restrict,restringir
result,resultado
resume,resumen
resurrection,resurrección
retable,retablo
retain,retener
retire,retirar
retire,retirar
retired,retirado
retirement,retiro
retreat,retirada
return,retorno
reunion,reunión
reunited,reunido
reveal,revelar
revelation,revelación
review,revista
revise,revisar
revolution,revolución
revolutionary,revolucionario
rhetoric,retórica
rhythm,ritmo
rich,rico
ridiculous,ridículo
rigid,rígido
rigorous,riguroso
risk,riesgo
rivalry,rivalidad
river,río
rob,robar
robbery,robo
robust,robusto
rock,rock
role,rol
roll,rollo
romance,romance
romantic,romántico
romanticism,romanticismo
rosary,rosario
rose,rosa
rostrum,rostro
rotund,rotundo
round,redondo
route,ruta
rude,rudo
ruin,ruina
ruined,arruinado
rural,rural
Russian,ruso
rustic,rústico
sacred,sagrado
sacrifice,sacrificio
saint,santo
salad,ensalada
salary,salario
salient,saliente
saloon,salón
salt,sal
salubrious,saludable
salute,saludo
salvation,salvación
sanctity,santidad
sane,sano
satellite,satélite
satire,sátira
satisfaction,satisfacción
satisfactory,satisfactorio
satisfied,satisfecho
satisfy,satisfacer
Saturn,saturno
savage,salvaje
savor,sabor
saxophone,saxofón
scalar,escalar
scale,escala
scalene,escaleno
scandal,escándalo
scenario,escenario
scene,escena
scenery,escenario
scheme,esquema
scholastic,escolástico
science,ciencia
scientific,científico
scientist,científico
scripture,escritura
scruple,escrúpulo
sculpture,escultura
seal,sello
season,sazón
secant,secante
second,segundo
secondary,secundario
secret,secreto
secretary,secretaria
secretly,secretamente
sect,secta
section,sección
secure,seguro
security,seguridad
sediment,sedimento
seduce,seducir
segment,segmento
segmental,segmental
segregation,segregación
select,selecto
selection,selección
semantics,semánticas
Senate,senado
sensation,sensación
sense,sentido
sensibility,sensibilidad
sensitive,sensitivo
sentence,sentencia
sentiment,sentimiento
separate,separar
separated,separado
separation,separación
September,septiembre
sepulcher,sepulcro
sepulture,sepultura
sequence,secuencia
sequencing,secuenciación
serene,sereno
serenity,serenidad
sergeant,sargento
series,serie
serious,serio
serpent,serpiente
servant,sirviente
serve,servir
server,servidor
service,servicio
sessile,sesil
session,sesión
severe,severo
sex,sexo
sexuality,sexualidad
shock,shock
show,show
signal,señal
significant,significativo
signor,señor
silence,silencio
silent,silencioso
silhouette,silueta
similar,similar
simple,simple
simplicity,simplicidad
simplification,simplificación
simplify,simplificar
simulate,simular
simultaneous,simultáneo
sincere,sincero
sincerity,sinceridad
sine,seno
siren,sirena
site,sitio
situated,situado
situation,situación
six,seis
sixth,sexto
skeleton,esqueleto
sobriety,sobriedad
social,social
socialism,socialismo
socialist,socialista
society,sociedad
sodium,sodio
sofa,sofá
solar,solar
soldier,soldado
sole,suelo
solemn,solemne
solemnity,solemnidad
solid,sólido
solidarity,solidaridad
solidify,solidificar
solidity,solidez
solitary,solitario
solitude,soledad
solution,solución
somber,sombrío
sort,suerte
sound,sonido
soup,sopa
south,sur
space,espacio
spade,espada
special,especial
specialist,especialista
specialty,especialidad
species,especie
specific,específico
specify,especificar
spectacle,espectáculo
spectator,espectador
specter,espectro
speculation,especulación
speculative,especulativo
sphere,esfera
spine,espina
spiral,espiral
spirit,espíritu
spiritual,espiritual
splendid,espléndido
spontaneous,espontáneo
sporadic,esporádico
sport,deporte
spouse,esposa
spume,espuma
spy,espía
stability,estabilidad
stabilization,estabilización
stable,estable
stamp,estampa
standard,estándar
standardization,estandarización
standardize,estandarizar
stanza,estancia
state,estado
static,estático
station,estación
statistic,estadística
statistics,estadística
statue,estatua
status,estatus
sterile,estéril
sterility,esterilidad
stimulus,estímulo
stomach,estómago
story,historia
strategy,estrategia
stratum,estrato
stress,estrés
strict,estricto
structure,estructura
student,estudiante
studied,estudiado
studio,estudio
study,estudiar
study,estudiar
stupendous,estupendo
stupid,estúpido
style,estilo
suavity,suavidad
subject,sujeto
subjective,subjetivo
submerged,sumergido
subordinate,subordinado
subsequent,subsecuente
subsidy,subsidio
substance,substancia
substitute,substituto
substituted,sustituido
subterranean,subterráneo
subtle,sutil
succesive,sucesiva
success,suceso
succession,sucesión
successive,sucesivo
successor,sucesor
succinct,sucinto
succor,socorro
suffer,sufrir
suffering,sufrimiento
sufficient,suficiente
sugar,azúcar
suggest,sugerir
suggestion,sugestión
suicide,suicidio
sum,suma
summary,sumario
superb,soberbio
superfluous,superfluo
superiority,superioridad
superstition,superstición
supplement,suplemento
support,soporte
suppose,suponer
supposed,supuesto
supposition,suposición
supreme,supremo
surd,sordo
surface,superficie
surprise,sorpresa
surprised,sorprendido
survive,sobrevivir
suspect,sospechoso
suspend,suspender
suspicious,sospechoso
sustain,sostener
sustained,sostenido
sustainer,sostén
symbol,símbolo
symbolic,simbólico
symmetrical,simétricas
sympathetic,simpático
sympathy,simpatía
symptom,síntoma
syndical,sindical
syndicate,sindicato
synthesis,síntesis
synthetic,sintético
system,sistema
table,tabla
tact,tacto
talent,talento
talented,talentoso
tamale,tamal
tangent,tangente
tangential,tangencial
tardy,tardo
tariff,tarifa
tarragon,estragón
tart,tarta
Taurus,tauro
tavern,taberna
tea,té
teapot,tetera
technical,técnico
technique,técnica
technology,tecnología
tedious,tedioso
telegram,telegrama
telegraph,telégrafo
telephone,teléfono
telescope,telescopio
television,televisión
temperament,temperamento
temperature,temperatura
temple,templo
temporal,temporal
temporary,temporario
tempt,tentar
temptation,tentación
tenacious,tenaz
tenacity,tenacidad
tenant,teniente
tendency,tendencia
tenderness,ternura
tennis,tenis
tense,tenso
tension,tensión
tent,tienda
tepid,tibio
term,término
terminal,terminal
terminate,terminar
terminated,terminado
termination,terminación
terrace,terraza
terrain,terreno
terrestrial,terrestre
terrible,terrible
territory,territorio
terse,terso
tertiary,tercero
testament,testamento
testimony,testimonio
text,texto
textile,textil
theater,teatro
theatrical,teatral
theme,tema
theology,teología
theoretical,teórico
theory,teoría
thesis,tésis
three,tres
throne,trono
tiger,tigre
timid,tímido
timidity,timidez
tint,tinte
title,título
titled,titulado
tobacco,tabaco
tolerance,tolerancia
tolerant,tolerante
tomato,tomate
tomb,tumba
tome,tomo
tone,tono
topical,tópico
torment,tormento
torrent,torrente
total,total
totality,totalidad
totally,totalmente
touch,toque
tourist,turista
tower,torre
toxic,tóxico
toxicology,toxicología
toxin,toxina
trace,traza
trachea,traquea
tract,trecho
tradition,tradición
traditional,tradicional
traffic,tráfico
tragedy,tragedia
tragic,trágico
train,tren
trajectory,trayectoria
tram,trama
tranquil,tranquilo
tranquility,tranquilidad
tranquilizer,tranquilizante
transcendental,trascendental
transfer,trasferir
transform,transformar
transformation,transformación
transformed,transformado
transient,transeunte
transit,tránsito
transition,transición
transmit,transmitir
transparency,transparencia
transparent,transparente
transport,transporte
trap,atrapar
trap,trampa
travail,trabajo
treason,traición
treasure,tesoro
treat,tratar
treaty,tratado
trembling,tembloroso
tremendous,tremendo
tremulous,tembloroso
triangle,triángulo
tribe,tribu
tribune,tribuno
tribute,tributo
trigonometric,trigonométrico
triple,triple
triploid,triploide
triumph,triunfo
triumphant,triunfante
trivalent,trivalente
trombone,trombón
troop,tropa
tropic,trópico
Tropic,trópico
tropism,tropismo
troposphere,troposfera
trumpet,trompeta
trunk,tronco
tube,tubo
tunnel,túnel
turf,turba
turquoise,turquesa
type,tipo
typical,típico
tyranny,tiranía
tyrant,tirano
ultimate,último
unanimous,unánime
unconscious,inconsciente
uniform,uniforme
unify,unificar
unique,único
unit,unidad
unite,unir
united,unido
unity,unidad
univalent,univalente
univalve,univalvo
universe,universo
university,universidad
unjust,injusto
unquiet,inquieto
unstable,inestable
unsupportable,insoportable
Uranus,Urano
urban,urbano
urbane,urbano
urge,urgir
urgency,urgencia
urgent,urgente
urology,urología
use,usar
used,usado
usual,usual
utensil,utensilio
uterus,útero
utilise,utilizar
utility,utilidad
utilize,utilizar
utilized,utilizado
vacant,vacante
vacation,vacación
vacillate,vacilar
vacillation,vacilación
vacuole,vacuola
vacuous,vacío
vagabond,vagabundo
vague,vago
vain,vano
valiant,valiente
valid,válido
valley,valle
valuable,valioso
value,valor
vanguard,vanguardia
vanilla,vainilla
vanity,vanidad
variation,variación
varied,variado
variety,variedad
various,varios
vary,variar
vase,vaso
vast,vasto
vegetable,vegetal
vegetables,vegetales
vegetation,vegetación
vehement,vehemente
vehicle,vehículo
veil,velo
vein,vena
velocity,velocidad
vendor,vendedor
vengeance,venganza
venom,veneno
venomous,venenoso
venture,ventura
verb,verbo
verbal,verbal
verdant,verde
verdure,verdura
verify,verificar
verity,verdad
verse,verso
version,versión
vertical,vertical
vespers,víspera
vested,vestido
vestibule,vestíbulo
vibrant,vibrante
vibration,vibración
vice,vicio
viceroy,virrey
vicinity,vecindad
vicissitude,vicisitud
victim,víctima
victory,victoria
view,vista
vigilance,vigilancia
violate,violar
violence,violencia
violent,violento
violet,violeta
virgin,virgen
virginity,virginidad
virile,viril
virtue,virtud
virtuous,virtuoso
visit,visitar
visit,visitar
visitor,visitante
vital,vital
vitrine,vitrina
vivid,vivido
vocable,vocablo
vocabulary,vocabulario
vocation,vocación
voice,voz
volcano,volcán
volleyball,voleibol
volume,volumen
voluntary,voluntario
voluptuousness,voluptuosidad
vote,votar
vulgar,vulgar
vulgarize,vulgarizar
wine,vino
xenophobia,xenofobia
xylophone,xilófono
yak,yak
Yankee,yanqui
yard,yarda
yeti,yeti
yoga,yoga
yogurt,yogur
zebra,cebra
zero,cero
zigzag,zigzag
zinc,zinc
zodiac,zodiaco
Zombie,Zombi
zone,zona
zoned,zonado
zoo,zoológico
zoologist,zoólogo
zoology,zoología
zoom,zoom
